cliente_id,nombre,ciudad,pais
1,Jenny Bourgeois,Miège,Switzerland
2,Florent Vidal,Caen,France
3,Noélie Bourgeois,Lille,France
4,Eino Tuomi,Multia,Finland
5,Maya Howell,Leicester,United Kingdom
6,Fatma Beşerler,Iğdır,Turkey
7,Elio Giraud,Colombes,France
8,Eduardo Treviño,Ozuluama,Mexico
9,Rosa Calderón,San Luis Soyatlán,Mexico
10,Nadia Mayorga,Carapán,Mexico
11,Ryder Lewis,Blenheim,New Zealand
12,Cassandra Tronstad,Havøysund,Norway
13,Kurt Craig,Portarlington,Ireland
14,Yasemin Akgül,Amasya,Turkey
15,Rasmus Christensen,Randers Nø,Denmark
16,Zillah Lenssen,Winterswijk,Netherlands
17,Yashodha Saldanha,Bhusawal,India
18,Oya Başoğlu,İstanbul,Turkey
19,Rose Young,Waterloo,Canada
20,Ljubiša Stefanović,Rača,Serbia
21,Pamela Colunga,Río Florido,Mexico
22,Magdalena Pascual,Sevilla,Spain
23,Caroline Sørensen,Sundby/Erslev,Denmark
24,Remziye Stabel,Zweins,Netherlands
25,Wanda Lucas,The Colony,United States
26,Miro Niemela,Nastola,Finland
27,Nelson Murphy,Stevenage,United Kingdom
28,Soham Ellis,Dublin,Ireland
29,Bella Stepanenko,Slov'yansk,Ukraine
30,Nemira Danchuk,Voznesenivka,Ukraine
31,Porfirio de la Crúz,Orduña de Arriba,Mexico
32,May Wie,Andselv,Norway
33,Leonard Barbier,Rüeggisberg,Switzerland
34,Sarah Chu,Tecumseh,Canada
35,Lada Trajković,Mionica,Serbia
36,Cody Henderson,Athlone,Ireland
37,Anton Vasić,Lajkovac,Serbia
38,آدرین سالاری,شیراز,Iran
39,Noah Mortensen,Allinge,Denmark
40,Barb Parker,Plymouth,United Kingdom
41,Aurelio Rousseau,Haute-Sorne,Switzerland
42,Mladen Jeremić,Jagodina,Serbia
43,Lily Clark,Port Elgin,Canada
44,Nella Koskinen,Hamina,Finland
45,Anny Skjelbred,Snurråsen,Norway
46,Srđan Malešević,Zvečan,Serbia
47,Giovana Moreira,Americana,Brazil
48,Aaron Clement,Saint-Pierre,France
49,Hudson Morris,Timaru,New Zealand
50,Ivana Teixeira,Birigüi,Brazil
51,Alexander Gagné,Woodstock,Canada
52,Radoslav Blagojević,Kikinda,Serbia
53,Vera Teodosić,Svilajnac,Serbia
54,Leticia Rolland,Zermatt,Switzerland
55,Alex Williams,Ballina,Ireland
56,Magdalena Simonović,Blace,Serbia
57,Sofia Edwards,Invercargill,New Zealand
58,Maeva Martin,Cochrane,Canada
59,Demid Lisickiy,Yalta,Ukraine
60,Silvia Márquez,Barcelona,Spain
61,Valentín Moreno,San Sebastián,Spain
62,Agathe Leroux,Bordeaux,France
63,Karl-Dieter Klaus,Sinsheim,Germany
64,Minea Hautala,Kangasala,Finland
65,Francis Armstrong,Tamworth,Australia
66,Olive Martin,Christchurch,New Zealand
67,Joaquin Santana,Barcelona,Spain
68,Winnie Koopmanschap,Hoofddorp,Netherlands
69,Helmi Tikkanen,Tervola,Finland
70,Aiden Griffin,Loughrea,Ireland
71,Emil Halla,Ilmajoki,Finland
72,Daniel Denys,Selkirk,Canada
73,Deveny Hartsuiker,Sint Agatha,Netherlands
74,Benjamin Jimenez,Wells,United Kingdom
75,Bror Svendsen,Sande,Norway
76,Christian Alonso,Ferrol,Spain
77,Aashish Uchil,Naihati,India
78,Hayley Li,Auckland,New Zealand
79,Willi Lefevre,Prangins,Switzerland
80,Frederick Steward,Leicester,United Kingdom
81,Priscilla Caldwell,Scottsdale,United States
82,بنیامین حیدری,رشت,Iran
83,Letizia Nicolas,Rüegsau,Switzerland
84,Georg Hölscher,Readtsjerk,Netherlands
85,Francisco Hernández,Fuenlabrada,Spain
86,Britney Caldwell,Naas,Ireland
87,Tomás Solorzano,Catalinas (Francisco Villa),Mexico
88,Julio Murray,Shepparton,Australia
89,Deniz Türkyılmaz,Manisa,Turkey
90,Ana Luisa Valverde,La Higuera,Mexico
91,Helen Marie,Granges-Paccot,Switzerland
92,Nelly Chavarría,San Pedro Comitancillo,Mexico
93,Felix Chow,Hampstead,Canada
94,حسین نكو نظر,ورامین,Iran
95,Malik Margaret,Fountainbleu,Canada
96,Arnim Lehnen,Herrieden,Germany
97,درسا مرادی,بیرجند,Iran
98,Addison Martin,Radisson,Canada
99,Darren Phillips,Longford,Ireland
100,Mara Häußler,Meßstetten,Germany
